manufacturer,model,serial number,manufactured_date,device_type,_outlier_reason
Hillrom,CENTURY,12M1281998,1998,"Bed, Ac-Powered Adjustable Hospital",
Hillrom,CENTURY,12M0591998,1998,"Bed, Ac-Powered Adjustable Hospital",
Hillrom,PCENTURYK3256,12M0551998,1998,Hospital Bed,
Hillrom,CENTURY,12M0561998,1998,"Bed, Ac-Powered Adjustable Hospital",
Hillrom,CENTURY,12M1101998,1998,"Bed, Ac-Powered Adjustable Hospital",
Hillrom,CENTURY,02R2981999,1999,"Bed, Ac-Powered Adjustable Hospital",
Hillrom,CENTURYP1400,10L9791999,1999,Hospital Bed,
Hillrom,CENTURYP1400,10L7601999,1999,Hospital Bed,
Hillrom,CENTURYP1400,10L2981999,1999,Hospital Bed,
Hillrom,CENTURYP1400,10L2591999,1999,Hospital Bed,
Hillrom,CENTURY,02R3141999,1999,"Bed, Ac-Powered Adjustable Hospital",
Hillrom,CENTURYP1400,10L7571999,1999,Hospital Bed,
Hillrom,CENTURYP1400,10L7531999,1999,Hospital Bed,
Hillrom,PCENTURYK3256,02R3391999,1999,Hospital Bed,
Hillrom,CENTURY,02R3241999,1999,"Bed, Ac-Powered Adjustable Hospital",
Hillrom,CENTURYP1400,10L7541999,1999,Hospital Bed,
Hillrom,CENTURY,02R3631999,1999,"Bed, Ac-Powered Adjustable Hospital",
Hillrom,CENTURY,10L9201999,1999,"Bed, Ac-Powered Adjustable Hospital",
ZOLL Medical,M SERIES,t1k132871,November 2001,Automated External Defibrillators (Non-Wearable),
ZOLL Medical,M SERIES,T03D45722,April 2003,Automated External Defibrillators (Non-Wearable),
ZOLL Medical,M SERIES,T03G48599,July 2003,Automated External Defibrillators (Non-Wearable),
ZOLL Medical,M SERIES,T04A54870,January 2004,Automated External Defibrillators (Non-Wearable),
ZOLL Medical,M SERIES,T04D57875,April 2004,Automated External Defibrillators (Non-Wearable),
ZOLL Medical,M SERIES,T04F60157,June 2004,Automated External Defibrillators (Non-Wearable),
ZOLL Medical,M SERIES,T04G0718,July 2004,Automated External Defibrillators (Non-Wearable),
ZOLL Medical,M SERIES,T04H61597,August 2004,Automated External Defibrillators (Non-Wearable),
Cogentix Medical,CST-5000,CS0709N,2007,"Cystoscope And Accessories, Flexible/Rigid",
Cogentix Medical,CST-5000,CS0715N,2007,"Cystoscope And Accessories, Flexible/Rigid",
Welch Allyn,SPOT VITAL SIGNS,200810466,2008,"System, Measurement, Blood-Pressure, Non-Invasive",
GE HEALTHCARE,APEX PRO CH,RT908362478GA,2008,Patient Monitor,
GE HEALTHCARE,PATIENT DATA MODULE (PDM),SA308511468GR,2008,Patient Monitor,
GE HEALTHCARE,PATIENT DATA MODULE (PDM),SA309517777GR,2009,Patient Monitor,
ZOLL Medical,M SERIES,T09B109955,February 2009,Automated External Defibrillators (Non-Wearable),
ZOLL Medical,M SERIES,T09B109792,February 2009,Automated External Defibrillators (Non-Wearable),
ZOLL Medical,M SERIES,T09K116484,November 2009,Automated External Defibrillators (Non-Wearable),
Stryker,1061,109035466,2010,"System, Test, Beta-2-Microglobulin Immunological",
Welch Allyn,FILAC3000,A1051223,2010,Thermometer,
GE HEALTHCARE,PATIENT DATA MODULE (PDM),SA310518384GR,2010,Patient Monitor,
GE HEALTHCARE,PATIENT DATA MODULE (PDM),SA310518261GR,2010,Patient Monitor,
GE HEALTHCARE,PATIENT DATA MODULE (PDM),SA310496411GR,2010,Patient Monitor,
GE HEALTHCARE,PATIENT DATA MODULE (PDM),SA310507316GR,2010,Patient Monitor,
GE HEALTHCARE,PATIENT DATA MODULE (PDM),SA310496410GR,2010,Patient Monitor,
GE HEALTHCARE,PATIENT DATA MODULE (PDM),SA310465295GR,2010,Patient Monitor,
ZOLL Medical,M SERIES,T10G121505,July 2010,Automated External Defibrillators (Non-Wearable),
ZOLL Medical,Propaq Md,AI10L000824,December 2010,"Dc-Defibrillator, Low-Energy, (Including Paddles)",
ZOLL Medical,Propaq Md,AI10L000796,December 2010,"Dc-Defibrillator, Low-Energy, (Including Paddles)",
ZOLL Medical,Propaq Md,AI10L000816,December 2010,"Dc-Defibrillator, Low-Energy, (Including Paddles)",
ZOLL Medical,Propaq Md,AI10L000819,December 2010,"Dc-Defibrillator, Low-Energy, (Including Paddles)",
Edan Instruments,F9EXPRESS,560039-M11330014,2011,Fetal Monitor,
Welch Allyn,FILAC3000,A1155231X,2011,Thermometer,
Welch Allyn,FILAC3000,A1156405,2011,Thermometer,
Welch Allyn,FILAC3000,A1156388,2011,Thermometer,
GE HEALTHCARE,PATIENT DATA MODULE (PDM),SA311069819GR,2011,Patient Monitor,
GE HEALTHCARE,PATIENT DATA MODULE (PDM),SA311184365GR,2011,Patient Monitor,
ZOLL Medical,M SERIES,T11D124677,April 2011,Automated External Defibrillators (Non-Wearable),
ZOLL Medical,Propaq Md,AI11F001156,June 2011,"Dc-Defibrillator, Low-Energy, (Including Paddles)",
ZOLL Medical,R Series Plus,AF11L019703,December 2011,Defibrillator,
Covidien,RAPIDVAC,VL012301X,2012,"Apparatus, Exhaust, Surgical",
Covidien,RAPIDVAC,VL012165X,2012,"Apparatus, Exhaust, Surgical",
Covidien,RAPIDVAC,VL012164X,2012,"Apparatus, Exhaust, Surgical",
Edan Instruments,SE1200EXPRESS,460016-M12900650018,2012,ECG Machine,
Hillrom,P3200,J127AD6526,2012,Hospital Bed,
Welch Allyn,FILAC3000,A1257682,2012,Thermometer,
Welch Allyn,FILAC3000,A1262471,2012,Thermometer,
GE HEALTHCARE,PATIENT DATA MODULE (PDM),SA312152525GA,2012,Patient Monitor,
GE HEALTHCARE,PATIENT DATA MODULE (PDM),SA312132106GR,2012,Patient Monitor,
GE HEALTHCARE,PATIENT DATA MODULE (PDM),SA312152311GR,2012,Patient Monitor,
ZOLL Medical,M SERIES,T12B127729,February 2012,Automated External Defibrillators (Non-Wearable),
ZOLL Medical,M SERIES,T12B127735,February 2012,Automated External Defibrillators (Non-Wearable),
ZOLL Medical,M SERIES,T12L131022,December 2012,Automated External Defibrillators (Non-Wearable),
BIOSONIC,UC95,130402317,2013,Ultrasound Cleaner,
BIOSONIC,UC95D15,131100008,2013,Ultrasound Cleaner,
BIOSONIC,UC95D15,131100002,2013,Ultrasound Cleaner,
Hillrom,P3200,J134AT6928,2013,Hospital Bed,
GE HEALTHCARE,PATIENT DATA MODULE (PDM),SA313230274GR,2013,Patient Monitor,
GE HEALTHCARE,PATIENT DATA MODULE (PDM),SA3132300157GR,2013,Patient Monitor,
GE HEALTHCARE,PATIENT DATA MODULE (PDM),SA313230430GR,2013,Patient Monitor,
GE HEALTHCARE,PATIENT DATA MODULE (PDM),SA313230464GR,2013,Patient Monitor,
GE HEALTHCARE,PATIENT DATA MODULE (PDM),SA313230676GR,2013,Patient Monitor,
GE HEALTHCARE,PATIENT DATA MODULE (PDM),SA313219052GR,2013,Patient Monitor,
GE HEALTHCARE,PATIENT DATA MODULE (PDM),SA313230457GR,2013,Patient Monitor,
GE HEALTHCARE,PATIENT DATA MODULE (PDM),SA313230453GR,2013,Patient Monitor,
GE HEALTHCARE,PATIENT DATA MODULE (PDM),SA313106097GR,2013,Patient Monitor,
GE HEALTHCARE,PATIENT DATA MODULE (PDM),SA313127233GR,2013,Patient Monitor,
GE HEALTHCARE,PATIENT DATA MODULE (PDM),SA313230456GR,2013,Patient Monitor,
GE HEALTHCARE,PATIENT DATA MODULE (PDM),SA313230407GR,2013,Patient Monitor,
ZOLL Medical,M SERIES,3T13D131852,April 2013,Automated External Defibrillators (Non-Wearable),
ZOLL Medical,M SERIES,T13D131863,April 2013,Automated External Defibrillators (Non-Wearable),
ZOLL Medical,M SERIES,T13D131879,April 2013,Automated External Defibrillators (Non-Wearable),
ZOLL Medical,X Series,AR13L006530,December 2013,Automated External Defibrillators (Non-Wearable),
Edan Instruments,SE1200EXPRESS,M14B08690005,2014,ECG Machine,
Edan Instruments,IM50,M14104900003,2014,Patient Monitor,
Edan Instruments,IM50,3331333-M14900008,2014,Patient Monitor,
Edan Instruments,IM50,3331333-M14104900002,2014,Patient Monitor,
Edan Instruments,IM50,3331333-M14104900009,2014,Patient Monitor,
Hillrom,P3200,M140AD0664,2014,Hospital Bed,
Hillrom,P3200,J140AD7241,2014,Hospital Bed,
Hillrom,P3200,J140AD7236,2014,Hospital Bed,
Hillrom,P3200,J140AD7193,2014,Hospital Bed,
Unico,G380PL LED,G38L-20141208,2014,Centrifuge,
Welch Allyn,FILAC3000,A1451284X,2014,Thermometer,
GE HEALTHCARE,APEX PRO CH,RTS14024388GA,2014,Patient Monitor,
GE HEALTHCARE,APEX PRO CH,RTS14104454GA,2014,Patient Monitor,
GE HEALTHCARE,APEX PRO CH,RTS14104453GA,2014,Patient Monitor,
GE HEALTHCARE,APEX PRO CH,RTS14104456GA,2014,Patient Monitor,
GE HEALTHCARE,APEX PRO CH,RTS14104450GA,2014,Patient Monitor,
GE HEALTHCARE,APEX PRO CH,RT914166339GA,2014,Patient Monitor,
GE HEALTHCARE,APEX PRO CH,RT914166315GA,2014,Patient Monitor,
GE HEALTHCARE,APEX PRO CH,RT914166362GA,2014,Patient Monitor,
GE HEALTHCARE,APEX PRO CH,RT914166321GA,2014,Patient Monitor,
GE HEALTHCARE,APEX PRO CH,RT914166380GA,2014,Patient Monitor,
GE HEALTHCARE,APEX PRO CH,RT914166373GA,2014,Patient Monitor,
GE HEALTHCARE,APEX PRO CH,RT914166320GA,2014,Patient Monitor,
GE HEALTHCARE,APEX PRO CH,RT914166336GA,2014,Patient Monitor,
GE HEALTHCARE,APEX PRO CH,RT914166372GA,2014,Patient Monitor,
GE HEALTHCARE,APEX PRO CH,RT914126176GA,2014,Patient Monitor,
GE HEALTHCARE,APEX PRO CH,RT914166337GA,2014,Patient Monitor,
GE HEALTHCARE,APEX PRO CH,RT914126178GA,2014,Patient Monitor,
GE HEALTHCARE,PATIENT DATA MODULE (PDM),SA314358024GA,2014,Patient Monitor,
GE HEALTHCARE,PATIENT DATA MODULE (PDM),SA314326586GA,2014,Patient Monitor,
ZOLL Medical,M SERIES,T14E133852,May 2014,Automated External Defibrillators (Non-Wearable),
ZOLL Medical,M SERIES,T14F133985,June 2014,Automated External Defibrillators (Non-Wearable),
Exergen,TAT5000,A1539272,2015,Thermometer,
Exergen,TAT5000,A1539493,2015,Thermometer,
Exergen,TAT5000,A1539059,2015,Thermometer,
Exergen,TAT5000,A1539490,2015,Thermometer,
Exergen,TAT5000,A1539270,2015,Thermometer,
Exergen,TAT5000,A1539277,2015,Thermometer,
Hillrom,P3200,M154AD1453,2015,Hospital Bed,
Welch Allyn,SPOT VITAL SIGNS,201507871,2015,"System, Measurement, Blood-Pressure, Non-Invasive",
Welch Allyn,SPOT VITAL SIGNS,201507902,2015,"System, Measurement, Blood-Pressure, Non-Invasive",
GE HEALTHCARE,PATIENT DATA MODULE (PDM),SA315208552GA,2015,Patient Monitor,
GE HEALTHCARE,PATIENT DATA MODULE (PDM),SA315219009,2015,Patient Monitor,
GE HEALTHCARE,PATIENT DATA MODULE (PDM),SA315219102GA,2015,Patient Monitor,
GE HEALTHCARE,PATIENT DATA MODULE (PDM),SA315219007GA,2015,Patient Monitor,
GE HEALTHCARE,PATIENT DATA MODULE (PDM),SA315070015GA,2015,Patient Monitor,
GE HEALTHCARE,PATIENT DATA MODULE (PDM),SA315281904GA,2015,Patient Monitor,
GE HEALTHCARE,PATIENT DATA MODULE (PDM),SA315079992GA,2015,Patient Monitor,
GE HEALTHCARE,PATIENT DATA MODULE (PDM),SA315281909GA,2015,Patient Monitor,
GE HEALTHCARE,PATIENT DATA MODULE (PDM),SA315070003GA,2015,Patient Monitor,
GE HEALTHCARE,PATIENT DATA MODULE (PDM),SA315079984GA,2015,Patient Monitor,
GE HEALTHCARE,PATIENT DATA MODULE (PDM),SA315070002GA,2015,Patient Monitor,
GE HEALTHCARE,PATIENT DATA MODULE (PDM),SA315079980GA,2015,Patient Monitor,
GE HEALTHCARE,PATIENT DATA MODULE (PDM),SA315079977GA,2015,Patient Monitor,
GE HEALTHCARE,PATIENT DATA MODULE (PDM),SA315079989GA,2015,Patient Monitor,
GE HEALTHCARE,PATIENT DATA MODULE (PDM),SA315058576GA,2015,Patient Monitor,
GE HEALTHCARE,PATIENT DATA MODULE (PDM),SA315079799GA,2015,Patient Monitor,
ZOLL Medical,M SERIES,T15B135017,February 2015,Automated External Defibrillators (Non-Wearable),
ZOLL Medical,Propaq Md,ai15c003871,March 2015,"Dc-Defibrillator, Low-Energy, (Including Paddles)",
ZOLL Medical,M SERIES,T15F135497,June 2015,Automated External Defibrillators (Non-Wearable),
Edan Instruments,SE1200EXPRESS,311094-M16611040004,2016,ECG Machine,
Edan Instruments,IM50,M16701760030,2016,Patient Monitor,
Edan Instruments,IM50,M16701760034,2016,Patient Monitor,
Edan Instruments,IM50,M16701760010,2016,Patient Monitor,
Edan Instruments,IM70,260066-M16901980001,2016,"Monitor, Physiological, Patient(With Arrhythmia Detection Or Alarms)",
Edan Instruments,IM70,M16603730016,2016,"Monitor, Physiological, Patient(With Arrhythmia Detection Or Alarms)",
Edan Instruments,IM70,M16600900014,2016,"Monitor, Physiological, Patient(With Arrhythmia Detection Or Alarms)",
Welch Allyn,FILAC3000,A1656130X,2016,Thermometer,
Welch Allyn,FILAC3000,A1661117X,2016,Thermometer,
Welch Allyn,FILAC3000,A1661082X,2016,Thermometer,
Welch Allyn,FILAC3000,A1661093X,2016,Thermometer,
Welch Allyn,FILAC3000,A1661114X,2016,Thermometer,
Welch Allyn,FILAC3000,A1656006X,2016,Thermometer,
Welch Allyn,FILAC3000,A1656212X,2016,Thermometer,
GE HEALTHCARE,APEX PRO CH,RT916162191SA,2016,Patient Monitor,
GE HEALTHCARE,APEX PRO CH,RT916059906GA,2016,Patient Monitor,
ZOLL Medical,M SERIES,D16B136583,February 2016,Automated External Defibrillators (Non-Wearable),
ZOLL Medical,M SERIES,T16B136570,February 2016,Automated External Defibrillators (Non-Wearable),
ZOLL Medical,R Series ALS,AF16C054998,March 2016,Defibrillator,
ZOLL Medical,R Series ALS,AF16D055364,April 2016,Defibrillator,
ZOLL Medical,R Series ALS,AF16D055704,April 2016,Defibrillator,
ZOLL Medical,M SERIES,T16E136987,May 2016,Automated External Defibrillators (Non-Wearable),
ZOLL Medical,R Series ALS,AF16H058404,August 2016,Defibrillator,
ZOLL Medical,R Series ALS,AF16H057957,August 2016,Defibrillator,
ZOLL Medical,R Series ALS,AF16H058410,August 2016,Defibrillator,
ZOLL Medical,R Series ALS,AF16H058183,August 2016,Defibrillator,
ZOLL Medical,R Series ALS,AF16L061223,December 2016,Defibrillator,
Cogentix Medical,CST-4000,CS1704F,2017,Endoscopy System,
Cogentix Medical,CST-4000,CS1705F,2017,Endoscopy System,
Edan Instruments,ELITEV5,M17902120005,2017,Patient Monitor,
Edan Instruments,ELITEV5,M17902120008,2017,Patient Monitor,
Edan Instruments,ELITEV5,M17902120007,2017,Patient Monitor,
Edan Instruments,IM50,M17602270005,2017,Patient Monitor,
Edan Instruments,IM50,M17602270003,2017,Patient Monitor,
Edan Instruments,IM50,M17101610022,2017,Patient Monitor,
Edan Instruments,IM50,M17101610039,2017,Patient Monitor,
Edan Instruments,IM50,M17101610030,2017,Patient Monitor,
Edan Instruments,IM50,M17A03210041,2017,Patient Monitor,
Hospira,PLUMA+,17432148,2017,Infusion Pump,
Hospira,PLUMA+,17434560,2017,Infusion Pump,
Hospira,PLUMA+,17441256,2017,Infusion Pump,
Hospira,PLUMA+,17434159,2017,Infusion Pump,
Hospira,PLUMA+,17433989,2017,Infusion Pump,
Hospira,PLUMA+,17434093,2017,Infusion Pump,
Hospira,PLUMA+,17434354,2017,Infusion Pump,
Hospira,PLUMA+,17441237,2017,Infusion Pump,
Hospira,PLUMA+,17434074,2017,Infusion Pump,
Hospira,PLUMA+,17434027,2017,Infusion Pump,
Hospira,PLUMA+,17441209,2017,Infusion Pump,
Hospira,PLUMA+,17434472,2017,Infusion Pump,
Hospira,PLUMA+,17434162,2017,Infusion Pump,
Hospira,PLUMA+,17434475,2017,Infusion Pump,
Hospira,PLUMA+,17434779,2017,Infusion Pump,
Hospira,PLUMA+,17434141,2017,Infusion Pump,
Hospira,PLUMA+,17434321,2017,Infusion Pump,
Hospira,PLUMA+,17434383,2017,Infusion Pump,
Hospira,PLUMA+,1744041,2017,Infusion Pump,
Hospira,PLUMA+,17434024,2017,Infusion Pump,
Hospira,PLUMA+,17434118,2017,Infusion Pump,
Hospira,PLUMA+,17440578,2017,Infusion Pump,
Hospira,PLUMA+,17440768,2017,Infusion Pump,
Hospira,PLUMA+,17434139,2017,Infusion Pump,
Hospira,PLUMA+,17433973,2017,Infusion Pump,
Hospira,PLUMA+,17434426,2017,Infusion Pump,
Hospira,PLUMA+,17434019,2017,Infusion Pump,
Hospira,PLUMA+,17433363,2017,Infusion Pump,
Hospira,PLUMA+,17434142,2017,Infusion Pump,
Hospira,PLUMA+,17434703,2017,Infusion Pump,
Hospira,PLUMA+,17434212,2017,Infusion Pump,
Hospira,PLUMA+,17434094,2017,Infusion Pump,
Hospira,PLUMA+,17433443,2017,Infusion Pump,
Hospira,PLUMA+,17434341,2017,Infusion Pump,
Hospira,PLUMA+,17441087,2017,Infusion Pump,
Hospira,PLUMA+,17440640,2017,Infusion Pump,
Hospira,PLUMA+,17434396,2017,Infusion Pump,
Hospira,PLUMA+,17434332,2017,Infusion Pump,
Hospira,PLUMA+,17434726,2017,Infusion Pump,
Hospira,PLUMA+,17434435,2017,Infusion Pump,
Hospira,PLUMA+,17434513,2017,Infusion Pump,
Hospira,PLUMA+,17434161,2017,Infusion Pump,
Hospira,PLUMA+,17434177,2017,Infusion Pump,
Hospira,PLUMA+,17434000,2017,Infusion Pump,
Hospira,PLUMA+,17431765,2017,Infusion Pump,
Hospira,PLUMA+,17434512,2017,Infusion Pump,
Hospira,PLUMA+,17433246,2017,Infusion Pump,
Hospira,PLUMA+,17434039,2017,Infusion Pump,
Hospira,PLUMA+,17432437,2017,Infusion Pump,
Hospira,PLUMA+,17434735,2017,Infusion Pump,
Hospira,PLUMA+,17434064,2017,Infusion Pump,
Hospira,PLUMA+,17441258,2017,Infusion Pump,
Hospira,PLUMA+,17441252,2017,Infusion Pump,
Hospira,PLUMA+,17441249,2017,Infusion Pump,
Hospira,PLUMA+,17441084,2017,Infusion Pump,
Hospira,PLUMA+,17480601,2017,Infusion Pump,
Hospira,PLUMA+,17434454,2017,Infusion Pump,
Hospira,PLUMA+,17451880,2017,Infusion Pump,
Stryker,1115,2017006701271,2017,"Radioimmunoassay, Testosterones And Dihydrotestosterone",
Stryker,1115,2017006701256,2017,"Radioimmunoassay, Testosterones And Dihydrotestosterone",
Stryker,1115,2017006701268,2017,"Radioimmunoassay, Testosterones And Dihydrotestosterone",
Stryker,1115,2017006701273,2017,"Radioimmunoassay, Testosterones And Dihydrotestosterone",
Stryker,1115,2017006701253,2017,"Radioimmunoassay, Testosterones And Dihydrotestosterone",
Stryker,1115,2017006701272,2017,"Radioimmunoassay, Testosterones And Dihydrotestosterone",
Stryker,1115,2017006701266,2017,"Radioimmunoassay, Testosterones And Dihydrotestosterone",
Stryker,1115,2017006701259,2017,"Radioimmunoassay, Testosterones And Dihydrotestosterone",
Stryker,1115,2017006701254,2017,"Radioimmunoassay, Testosterones And Dihydrotestosterone",
Stryker,1115,2017006701257,2017,"Radioimmunoassay, Testosterones And Dihydrotestosterone",
Stryker,1115,2017006701267,2017,"Radioimmunoassay, Testosterones And Dihydrotestosterone",
ZOLL Medical,X Series,AR17B023487,February 2017,Automated External Defibrillators (Non-Wearable),
ZOLL Medical,R Series ALS,AF17D065076,April 2017,Defibrillator,
ZOLL Medical,R Series ALS,AF17D065023,April 2017,Defibrillator,
ZOLL Medical,R Series ALS,AF17D065078,April 2017,Defibrillator,
ZOLL Medical,R Series ALS,AF17D065063,April 2017,Defibrillator,
ZOLL Medical,R Series ALS,AV17D064978,April 2017,Defibrillator,
ZOLL Medical,R Series ALS,AF17D065082,April 2017,Defibrillator,
ZOLL Medical,R Series ALS,AF17D065057,April 2017,Defibrillator,
ZOLL Medical,R Series ALS,AF17D065077,April 2017,Defibrillator,
ZOLL Medical,R Series ALS,AF17D065075,April 2017,Defibrillator,
ZOLL Medical,R Series ALS,AF17D064998,April 2017,Defibrillator,
ZOLL Medical,R Series ALS,AF17D065062,April 2017,Defibrillator,
ZOLL Medical,R Series,AF17D065064,April 2017,"Microfilter, Blood Transfusion",
Edan Instruments,SE1200EXPRESS,(21)460016-M18706470008,2018,ECG Machine,
Edan Instruments,IM50,M18709800015,2018,Patient Monitor,
Edan Instruments,IM70,M18414780039,2018,"Monitor, Physiological, Patient(With Arrhythmia Detection Or Alarms)",
Edan Instruments,IM70,M18414780018,2018,"Monitor, Physiological, Patient(With Arrhythmia Detection Or Alarms)",
Edan Instruments,IM70,M18414780026,2018,"Monitor, Physiological, Patient(With Arrhythmia Detection Or Alarms)",
Edan Instruments,IM70,M18414780044,2018,"Monitor, Physiological, Patient(With Arrhythmia Detection Or Alarms)",
Edan Instruments,IM70,M18414780027,2018,"Monitor, Physiological, Patient(With Arrhythmia Detection Or Alarms)",
Edan Instruments,IM70,M18414780031,2018,"Monitor, Physiological, Patient(With Arrhythmia Detection Or Alarms)",
Edan Instruments,IM70,M18414780047,2018,"Monitor, Physiological, Patient(With Arrhythmia Detection Or Alarms)",
Edan Instruments,IM70,M18414780019,2018,"Monitor, Physiological, Patient(With Arrhythmia Detection Or Alarms)",
Edan Instruments,iT20,M18909080003,2018,Patient Monitor,
THERMO SCIENTIFIC,SMARTVUE915,18175660D4C1,2018,Temperature Monitor,
THERMO SCIENTIFIC,SMARTVUE915,18175660D4D3,2018,Temperature Monitor,
THERMO SCIENTIFIC,SMARTVUE915,18175660CABF,2018,Temperature Monitor,
THERMO SCIENTIFIC,SMARTVUE915,18355660D0LE,2018,Temperature Monitor,
THERMO SCIENTIFIC,SMARTVUE915,18175660CB13,2018,Temperature Monitor,
THERMO SCIENTIFIC,SMARTVUE915,18175660CABC,2018,Temperature Monitor,
THERMO SCIENTIFIC,SMARTVUE915,181751606DFD,2018,Temperature Monitor,
Welch Allyn,FILAC3000,1863046X,2018,Thermometer,
GE HEALTHCARE,PATIENT DATA MODULE (PDM),SPX18510114SA,2018,Patient Monitor,
GE HEALTHCARE,PATIENT DATA MODULE (PDM),SPX18510041SA,2018,Patient Monitor,
GE HEALTHCARE,PATIENT DATA MODULE (PDM),SA318200468SA,2018,Patient Monitor,
GE HEALTHCARE,PATIENT DATA MODULE (PDM),SA318360435SA,2018,Patient Monitor,
GE HEALTHCARE,PATIENT DATA MODULE (PDM),SPX18500865SA,2018,Patient Monitor,
ZOLL Medical,X Series,AR18C030657,March 2018,Automated External Defibrillators (Non-Wearable),
ZOLL Medical,AEDPLUS,X18E025923,May 2018,Defibrillator,
ZOLL Medical,X Series,AR18G033409,July 2018,Automated External Defibrillators (Non-Wearable),
ZOLL Medical,R Series ALS,AF18L089149,December 2018,Defibrillator,
Edan Instruments,F9EXPRESS,M19804740024,2019,Fetal Monitor,
Edan Instruments,F9EXPRESS,M19804740020,2019,Fetal Monitor,
Edan Instruments,F9EXPRESS,M19804740011,2019,Fetal Monitor,
Edan Instruments,F9EXPRESS,M19804740025,2019,Fetal Monitor,
Edan Instruments,F9EXPRESS,M19804740005,2019,Fetal Monitor,
Edan Instruments,F9EXPRESS,M19804740015,2019,Fetal Monitor,
Edan Instruments,F9EXPRESS,M19804740016,2019,Fetal Monitor,
Edan Instruments,F9EXPRESS,M1980570002,2019,Fetal Monitor,
Edan Instruments,F9EXPRESS,M19804740001,2019,Fetal Monitor,
Edan Instruments,F9EXPRESS,M19804740013,2019,Fetal Monitor,
Edan Instruments,F9EXPRESS,M19804740022,2019,Fetal Monitor,
Edan Instruments,ELITEV5,M19805320027,2019,Patient Monitor,
Edan Instruments,ELITEV5,M19701080008,2019,Patient Monitor,
Edan Instruments,ELITEV5,M19701080003,2019,Patient Monitor,
Edan Instruments,ELITEV5,M19701080007,2019,Patient Monitor,
Edan Instruments,ELITEV5,M19507110013,2019,Patient Monitor,
Edan Instruments,ELITEV5,M19507110011,2019,Patient Monitor,
Edan Instruments,ELITEV5,M19701080019,2019,Patient Monitor,
Edan Instruments,ELITEV5,M19805320022,2019,Patient Monitor,
Edan Instruments,ELITEV5,M19702060009,2019,Patient Monitor,
Edan Instruments,ELITEV5,M19805320040,2019,Patient Monitor,
Edan Instruments,ELITEV5,M19805320023,2019,Patient Monitor,
Edan Instruments,ELITEV5,M19805320016,2019,Patient Monitor,
Edan Instruments,ELITEV5,M19805320048,2019,Patient Monitor,
Edan Instruments,ELITEV5,M19805320020,2019,Patient Monitor,
Edan Instruments,ELITEV5,M19805320038,2019,Patient Monitor,
Edan Instruments,ELITEV5,M19805320045,2019,Patient Monitor,
Edan Instruments,ELITEV5,M19805320009,2019,Patient Monitor,
Edan Instruments,ELITEV5,M19805320026,2019,Patient Monitor,
Edan Instruments,IM50,M19110560012,2019,Patient Monitor,
Edan Instruments,IM50,M19100850023,2019,Patient Monitor,
Edan Instruments,IM50,M19100850015,2019,Patient Monitor,
Edan Instruments,IM50,M19100850029,2019,Patient Monitor,
Edan Instruments,IM50,M19100850033,2019,Patient Monitor,
Edan Instruments,IM50,M19100850017,2019,Patient Monitor,
Edan Instruments,IM50,M19100580024,2019,Patient Monitor,
Edan Instruments,IM50,M19100850001,2019,Patient Monitor,
Edan Instruments,IM70,M19805530018,2019,"Monitor, Physiological, Patient(With Arrhythmia Detection Or Alarms)",
Edan Instruments,IM70,M19805530004,2019,"Monitor, Physiological, Patient(With Arrhythmia Detection Or Alarms)",
Edan Instruments,IM70,M19805530017,2019,"Monitor, Physiological, Patient(With Arrhythmia Detection Or Alarms)",
Edan Instruments,IM70,M19805530014,2019,"Monitor, Physiological, Patient(With Arrhythmia Detection Or Alarms)",
Edan Instruments,IM70,M19805530019,2019,"Monitor, Physiological, Patient(With Arrhythmia Detection Or Alarms)",
Edan Instruments,IM70,M19805530008,2019,"Monitor, Physiological, Patient(With Arrhythmia Detection Or Alarms)",
Edan Instruments,IM70,M19805530010,2019,"Monitor, Physiological, Patient(With Arrhythmia Detection Or Alarms)",
Edan Instruments,IM70,M19805530016,2019,"Monitor, Physiological, Patient(With Arrhythmia Detection Or Alarms)",
Edan Instruments,IM70,M19805530003,2019,"Monitor, Physiological, Patient(With Arrhythmia Detection Or Alarms)",
Edan Instruments,IM70,M19805530011,2019,"Monitor, Physiological, Patient(With Arrhythmia Detection Or Alarms)",
Edan Instruments,IM70,M19805530006,2019,"Monitor, Physiological, Patient(With Arrhythmia Detection Or Alarms)",
Edan Instruments,IM70,M19805530005,2019,"Monitor, Physiological, Patient(With Arrhythmia Detection Or Alarms)",
Edan Instruments,IM70,M19805530007,2019,"Monitor, Physiological, Patient(With Arrhythmia Detection Or Alarms)",
Edan Instruments,IM70,M19805530001,2019,"Monitor, Physiological, Patient(With Arrhythmia Detection Or Alarms)",
Edan Instruments,IM70,M19805530013,2019,"Monitor, Physiological, Patient(With Arrhythmia Detection Or Alarms)",
Edan Instruments,IM70,M19805530002,2019,"Monitor, Physiological, Patient(With Arrhythmia Detection Or Alarms)",
Edan Instruments,iT20,M19413150003,2019,Patient Monitor,
Edan Instruments,iT20,M19413130058,2019,Patient Monitor,
Edan Instruments,iT20,M19413150044,2019,Patient Monitor,
Edan Instruments,iT20,M19413150007,2019,Patient Monitor,
Edan Instruments,iT20,M19413130016,2019,Patient Monitor,
Edan Instruments,iT20,M19413130058,2019,Patient Monitor,
Edan Instruments,iT20,M19413130060,2019,Patient Monitor,
Edan Instruments,iT20,M19413130011,2019,Patient Monitor,
Edan Instruments,iT20,M19413130027,2019,Patient Monitor,
Edan Instruments,iT20,M19413130015,2019,Patient Monitor,
Edan Instruments,iT20,M19706920013,2019,Patient Monitor,
Edan Instruments,iT20,M19413130013,2019,Patient Monitor,
Edan Instruments,iT20,M19413130052,2019,Patient Monitor,
Masimo,RAD8,M192824,2019,Patient Monitor,
Masimo,RAD8,M192444,2019,Patient Monitor,
Masimo,RAD8,M192465,2019,Patient Monitor,
Masimo,RAD8,M192344,2019,Patient Monitor,
ZOLL Medical,RSERIES,AF19A091958,January 2019,Defibrillator,
ZOLL Medical,R Series ALS,AF19B092952,February 2019,Defibrillator,
ZOLL Medical,R Series ALS,AF19B092950,February 2019,Defibrillator,
ZOLL Medical,R Series ALS,AF19B092199,February 2019,Defibrillator,
ZOLL Medical,R Series ALS,AF19B092935,February 2019,Defibrillator,
ZOLL Medical,R Series ALS,AF19B092455,February 2019,Defibrillator,
ZOLL Medical,R Series ALS,AF19B092465,February 2019,Defibrillator,
ZOLL Medical,R Series ALS,AF19B092949,February 2019,Defibrillator,
ZOLL Medical,R Series ALS,AF19B092928,February 2019,Defibrillator,
ZOLL Medical,R Series ALS,AF19B092207,February 2019,Defibrillator,
ZOLL Medical,R Series ALS,AF19B092946,February 2019,Defibrillator,
ZOLL Medical,R Series ALS,AF19B092943,February 2019,Defibrillator,
ZOLL Medical,R Series ALS,AF19B092936,February 2019,Defibrillator,
ZOLL Medical,R Series ALS,AF19B092428,February 2019,Defibrillator,
ZOLL Medical,R Series ALS,AF19B092467,February 2019,Defibrillator,
ZOLL Medical,R Series ALS,AF19B092223,February 2019,Defibrillator,
ZOLL Medical,R Series ALS,AF19B092456,February 2019,Defibrillator,
ZOLL Medical,R Series ALS,AF19B092482,February 2019,Defibrillator,
ZOLL Medical,R Series ALS,AF19B092446,February 2019,Defibrillator,
ZOLL Medical,R Series ALS,AF19D096889,April 2019,Defibrillator,
ZOLL Medical,R Series ALS,AF19E096912,May 2019,Defibrillator,
ZOLL Medical,R Series ALS,AF19F099133,June 2019,Defibrillator,
ZOLL Medical,R Series ALS,AF19F099132,June 2019,Defibrillator,
ZOLL Medical,R Series ALS,AF19F099189,June 2019,Defibrillator,
ZOLL Medical,R Series ALS,AF19F099267,June 2019,Defibrillator,
ZOLL Medical,R Series ALS,AF19F099254,June 2019,Defibrillator,
ZOLL Medical,R Series ALS,AF19F099305,June 2019,Defibrillator,
ZOLL Medical,R Series ALS,AF19F099263,June 2019,Defibrillator,
ZOLL Medical,R Series ALS,AF19F099134,June 2019,Defibrillator,
ZOLL Medical,R Series ALS,AF19F099298,June 2019,Defibrillator,
ZOLL Medical,AEDPLUS,(21) X19G176549,July 2019,Defibrillator,
Edan Instruments,IM3,262096-M20706520060,2020,"Device, Monitoring, Intracranial Pressure",
Edan Instruments,IM3,261436-M20903720061,2020,"Device, Monitoring, Intracranial Pressure",
Edan Instruments,IM3,261436-M20903720005,2020,"Device, Monitoring, Intracranial Pressure",
Edan Instruments,IM70,260066-M20320530023,2020,"Monitor, Physiological, Patient(With Arrhythmia Detection Or Alarms)",
Edan Instruments,IM70,260066-M20320530024,2020,"Monitor, Physiological, Patient(With Arrhythmia Detection Or Alarms)",
Edan Instruments,IM70,260066-M20320530007,2020,"Monitor, Physiological, Patient(With Arrhythmia Detection Or Alarms)",
Edan Instruments,IM70,260066-M20320530030,2020,"Monitor, Physiological, Patient(With Arrhythmia Detection Or Alarms)",
Edan Instruments,iT20,M2012320037,2020,Patient Monitor,
Edan Instruments,iT20,M20403290003,2020,Patient Monitor,
Edan Instruments,iT20,M20403290001,2020,Patient Monitor,
LINET,ELEGANZA 3,20200275616,2020,Hospital Bed,
Welch Allyn,FILAC3000,A2053244X,2020,Thermometer,
Welch Allyn,FILAC3000,A202057084X,2020,Thermometer,
Welch Allyn,FILAC3000,A2060906X,2020,Thermometer,
Welch Allyn,FILAC3000,A2066575X,2020,Thermometer,
Welch Allyn,FILAC3000,A2057370X,2020,Thermometer,
Welch Allyn,FILAC3000,A2055074X,2020,Thermometer,
Welch Allyn,FILAC3000,A2057912X,2020,Thermometer,
Welch Allyn,FILAC3000,A2057043X,2020,Thermometer,
Welch Allyn,FILAC3000,A2062842X,2020,Thermometer,
Welch Allyn,FILAC3000,A2060107X,2020,Thermometer,
Welch Allyn,FILAC3000,A2066567X,2020,Thermometer,
Welch Allyn,FILAC3000,A2057032X,2020,Thermometer,
Welch Allyn,FILAC3000,A206611345X,2020,Thermometer,
Welch Allyn,FILAC3000,A2066565X,2020,Thermometer,
Welch Allyn,FILAC3000,A2055919X,2020,Thermometer,
ZOLL Medical,X Series,AR20A045649,January 2020,Automated External Defibrillators (Non-Wearable),
ZOLL Medical,X Series,AR20A045327,January 2020,Automated External Defibrillators (Non-Wearable),
ZOLL Medical,X Series,AR20B046467,February 2020,Automated External Defibrillators (Non-Wearable),
ZOLL Medical,X Series,AR20C047049,March 2020,Automated External Defibrillators (Non-Wearable),
ZOLL Medical,X Series,AR20C047039,March 2020,Automated External Defibrillators (Non-Wearable),
Edan Instruments,F9EXPRESS,560039-M21C11330002,2021,Fetal Monitor,
Edan Instruments,IM3,261436-M21508650086,2021,"Device, Monitoring, Intracranial Pressure",
Edan Instruments,IM3,261436-M21508650088,2021,"Device, Monitoring, Intracranial Pressure",
Edan Instruments,IM3,261436-M21508650067,2021,"Device, Monitoring, Intracranial Pressure",
Edan Instruments,iT20,M21203860030,2021,Patient Monitor,
Edan Instruments,iT20,M21203860028,2021,Patient Monitor,
Jiangmen Dacheng Medical Equipment Co.,IOB-507,WU202108144EN,2021,Infusion Pump,
Jiangmen Dacheng Medical Equipment Co.,IOB-507,WU202108189EN,2021,Infusion Pump,
Jiangmen Dacheng Medical Equipment Co.,IOB-507,WU202108193EN,2021,Infusion Pump,
Jiangmen Dacheng Medical Equipment Co.,IOB-507,WU202108205EN,2021,Infusion Pump,
Jiangmen Dacheng Medical Equipment Co.,IOB-507,WU202108208EN,2021,Infusion Pump,
LINET,ELEGANZA 3,20210147025,2021,Hospital Bed,
LINET,ELEGANZA 3,20210147077,2021,Hospital Bed,
LINET,ELEGANZA 3,20210149187,2021,Hospital Bed,
LINET,ELEGANZA 3,20210101683,2021,Hospital Bed,
LINET,ELEGANZA 3,20210101685,2021,Hospital Bed,
LINET,ELEGANZA 3,20210147060,2021,Hospital Bed,
LINET,ELEGANZA 3,20210147032,2021,Hospital Bed,
Stryker,1061,2021005801196,2021,"System, Test, Beta-2-Microglobulin Immunological",
Stryker,1061,2021005801198,2021,"System, Test, Beta-2-Microglobulin Immunological",
Stryker,1061,2021005801199,2021,"System, Test, Beta-2-Microglobulin Immunological",
Stryker,1061,2021005801197,2021,"System, Test, Beta-2-Microglobulin Immunological",
ARJO INC.,FLOWTRON,2100053978,2021,"Sleeve, Limb, Compressible",
ARJO INC.,FLOWTRON,2100054510,2021,"Sleeve, Limb, Compressible",
ARJO INC.,FLOWTRON,2100067774,2021,"Sleeve, Limb, Compressible",
ARJO INC.,FLOWTRON,2100054523,2021,"Sleeve, Limb, Compressible",
ARJO INC.,FLOWTRON,2100054001,2021,"Sleeve, Limb, Compressible",
ARJO INC.,FLOWTRON,2100054283,2021,"Sleeve, Limb, Compressible",
ARJO INC.,FLOWTRON,2100054494,2021,"Sleeve, Limb, Compressible",
ARJO INC.,FLOWTRON,2100054522,2021,"Sleeve, Limb, Compressible",
ARJO INC.,FLOWTRON,2100054527,2021,"Sleeve, Limb, Compressible",
ARJO INC.,FLOWTRON,2100064600,2021,"Sleeve, Limb, Compressible",
ARJO INC.,FLOWTRON,2100064601,2021,"Sleeve, Limb, Compressible",
ARJO INC.,FLOWTRON,2100053935,2021,"Sleeve, Limb, Compressible",
ARJO INC.,FLOWTRON,2100053984,2021,"Sleeve, Limb, Compressible",
ARJO INC.,FLOWTRON,2100053991,2021,"Sleeve, Limb, Compressible",
ARJO INC.,FLOWTRON,2100064603,2021,"Sleeve, Limb, Compressible",
ARJO INC.,FLOWTRON,2100053980,2021,"Sleeve, Limb, Compressible",
ARJO INC.,FLOWTRON,2100053932,2021,"Sleeve, Limb, Compressible",
ARJO INC.,FLOWTRON,2100053928,2021,"Sleeve, Limb, Compressible",
ARJO INC.,FLOWTRON,2100054542,2021,"Sleeve, Limb, Compressible",
ARJO INC.,FLOWTRON,2100054511,2021,"Sleeve, Limb, Compressible",
ZOLL Medical,X Series,AR21A054264,January 2021,Automated External Defibrillators (Non-Wearable),
American Diagnostic,CE 1434,22192114,2022,Thermometer,
American Diagnostic,CE 1434,22192189,2022,Thermometer,
Edan Instruments,iT20,M22411170006,2022,Patient Monitor,
Edan Instruments,iT20,M22411170008,2022,Patient Monitor,
Stryker,1061,2022005800690,2022,"System, Test, Beta-2-Microglobulin Immunological",
Stryker,1061,2022005800345,2022,"System, Test, Beta-2-Microglobulin Immunological",
Stryker,1061,2022005800343,2022,"System, Test, Beta-2-Microglobulin Immunological",
Stryker,1061,2022005800691,2022,"System, Test, Beta-2-Microglobulin Immunological",
Stryker,1061,2022005800344,2022,"System, Test, Beta-2-Microglobulin Immunological",
ZOLL Medical,AEDPLUS,X22E470885,May 2022,Defibrillator,
ZOLL Medical,X Series,AR22E067679,May 2022,Automated External Defibrillators (Non-Wearable),
ZOLL Medical,AEDPLUS,X22F478419,June 2022,Defibrillator,
ZOLL Medical,X Series,AR22L073058,December 2022,Automated External Defibrillators (Non-Wearable),
Edan Instruments,F9EXPRESS,560039-M23909480002,2023,Fetal Monitor,
Edan Instruments,SE1200EXPRESS,M23116470007,2023,ECG Machine,
Edan Instruments,SE1200EXPRESS,460016-M23116470013,2023,ECG Machine,
Edan Instruments,SE1200EXPRESS,460016-M23801490029,2023,ECG Machine,
Edan Instruments,SE1200EXPRESS,460016-M23801490022,2023,ECG Machine,
Edan Instruments,SE1200EXPRESS,460016-M23801490034,2023,ECG Machine,
Edan Instruments,SE1200EXPRESS,460016-M23801490035,2023,ECG Machine,
Edan Instruments,iT20,M23910480001,2023,Patient Monitor,
ZOLL Medical,RSERIES,AF23G169205,July 2023,Defibrillator,
ZOLL Medical,RSERIES,AF23G169292,July 2023,Defibrillator,
ZOLL Medical,RSERIES,AF23G169321,July 2023,Defibrillator,
ZOLL Medical,RSERIES,AF23G169315,July 2023,Defibrillator,
ZOLL Medical,RSERIES,AF23G169217,July 2023,Defibrillator,
ZOLL Medical,AEDPLUS,X23L761535,December 2023,Defibrillator,
ZOLL Medical,RSERIES,AF23L173769,December 2023,Defibrillator,
ZOLL Medical,RSERIES,AF23L173935,December 2023,Defibrillator,
American Diagnostic,CE 1434,C241870143,2024,Thermometer,
American Diagnostic,CE 1434,C241870093,2024,Thermometer,
American Diagnostic,CE 1434,C241843867,2024,Thermometer,
American Diagnostic,CE 1434,C241843922,2024,Thermometer,
American Diagnostic,CE 1434,C241843881,2024,Thermometer,
American Diagnostic,CE 1434,C241843806,2024,Thermometer,
Edan Instruments,IM3,262654-M24705640065,2024,"Device, Monitoring, Intracranial Pressure",
Edan Instruments,IM3,262654-M24903790011,2024,"Device, Monitoring, Intracranial Pressure",
Edan Instruments,IM3,262654-M24903790001,2024,"Device, Monitoring, Intracranial Pressure",
Edan Instruments,SE1200EXPRESS,460016-K24700210010,2024,ECG Machine,
Edan Instruments,SE1200EXPRESS,460016-M246096330015,2024,ECG Machine,
Edan Instruments,SE1200EXPRESS,M24A2930014,2024,ECG Machine,
Edan Instruments,SE1200EXPRESS,M24A02930002,2024,ECG Machine,
Edan Instruments,SE1200EXPRESS,M24A02930001,2024,ECG Machine,
Edan Instruments,iT20,M24402010037,2024,Patient Monitor,
Edan Instruments,iT20,M24402010035,2024,Patient Monitor,
Edan Instruments,iT20,M24402010034,2024,Patient Monitor,
Edan Instruments,iT20,M24408380006,2024,Patient Monitor,
Edan Instruments,iT20,M24408380010,2024,Patient Monitor,
Edan Instruments,iT20,M24408380009,2024,Patient Monitor,
Edan Instruments,iT20,M24408380008,2024,Patient Monitor,
Edan Instruments,iT20,M24408380007,2024,Patient Monitor,
Edan Instruments,iT20,M24408380001,2024,Patient Monitor,
Edan Instruments,iT20,M24408380003,2024,Patient Monitor,
Edan Instruments,iT20,M24408380004,2024,Patient Monitor,
Edan Instruments,iT20,M24A15750012,2024,Patient Monitor,
Edan Instruments,iT20,M24A15750016,2024,Patient Monitor,
Edan Instruments,iT20,M2415750004,2024,Patient Monitor,
Edan Instruments,iT20,M24A15750002,2024,Patient Monitor,
Edan Instruments,iT20,M24A15750003,2024,Patient Monitor,
Edan Instruments,iT20,M24A15750001,2024,Patient Monitor,
Edan Instruments,iT20,M24A15750018,2024,Patient Monitor,
Edan Instruments,iT20,M24A15750019,2024,Patient Monitor,
Edan Instruments,iT20,M24A15750011,2024,Patient Monitor,
Edan Instruments,iT20,M24A15750010,2024,Patient Monitor,
Edan Instruments,iT20,M24A15750009,2024,Patient Monitor,
Edan Instruments,iT20,M24408380002,2024,Patient Monitor,
Edan Instruments,iT20,M24408380005,2024,Patient Monitor,
Jiangmen Dacheng Medical Equipment Co.,IOB-507,WU20240630EN,2024,Infusion Pump,
Jiangmen Dacheng Medical Equipment Co.,IOB-507,WU202406267EN,2024,Infusion Pump,
Jiangmen Dacheng Medical Equipment Co.,IOB-507,WU202406209EN,2024,Infusion Pump,
Jiangmen Dacheng Medical Equipment Co.,IOB-507,WU202406190EN,2024,Infusion Pump,
Jiangmen Dacheng Medical Equipment Co.,IOB-507,WU202406189EN,2024,Infusion Pump,
Jiangmen Dacheng Medical Equipment Co.,IOB-507,WU202406183EN,2024,Infusion Pump,
Jiangmen Dacheng Medical Equipment Co.,IOB-507,WU202406249EN,2024,Infusion Pump,
Jiangmen Dacheng Medical Equipment Co.,IOB-507,WU202406266EN,2024,Infusion Pump,
Jiangmen Dacheng Medical Equipment Co.,IOB-507,WU202406252EN,2024,Infusion Pump,
Jiangmen Dacheng Medical Equipment Co.,IOB-507,WU202406237EN,2024,Infusion Pump,
Jiangmen Dacheng Medical Equipment Co.,IOB-507,WU202406187EN,2024,Infusion Pump,
Jiangmen Dacheng Medical Equipment Co.,IOB-507,WU202406188EN,2024,Infusion Pump,
LAB CORP.,642E,241013LB348,2024,Lab Analyzer,
LAB CORP.,642E,241013LB328,2024,Lab Analyzer,
LINET,ELEGANZA 4,20240217185,2024,Hospital Bed,
LINET,ELEGANZA 4,20240217163,2024,Hospital Bed,
LINET,ELEGANZA 4,20240217171,2024,Hospital Bed,
LINET,ELEGANZA 4,20240217177,2024,Hospital Bed,
LINET,ELEGANZA 4,20240219124,2024,Hospital Bed,
LINET,ELEGANZA 4,20240211343,2024,Hospital Bed,
LINET,ELEGANZA 4,20240211435,2024,Hospital Bed,
LINET,ELEGANZA 4,20240315321,2024,Hospital Bed,
ZOLL Medical,RSERIES,AF24A174904,January 2024,Defibrillator,
ZOLL Medical,RSERIES,AF24A174867,January 2024,Defibrillator,
ZOLL Medical,RSERIES,AF24C175990,March 2024,Defibrillator,
ZOLL Medical,RSERIES,AF24C175991,March 2024,Defibrillator,
ZOLL Medical,RSERIES,AF24E178300,May 2024,Defibrillator,
ZOLL Medical,RSERIES,AF24F178630,June 2024,Defibrillator,
ZOLL Medical,RSERIES,AF24F178395,June 2024,Defibrillator,
ZOLL Medical,RSERIES,AF24G179402,July 2024,Defibrillator,
ZOLL Medical,RSERIES,AF24G179173,July 2024,Defibrillator,
ZOLL Medical,RSERIES,AF24G178993,July 2024,Defibrillator,
ZOLL Medical,RSERIES,AF24G179155,July 2024,Defibrillator,
ZOLL Medical,RSERIES,AF24G179510,July 2024,Defibrillator,
ZOLL Medical,RSERIES,AF24G179180,July 2024,Defibrillator,
ZOLL Medical,RSERIES,AF24G179153,July 2024,Defibrillator,
ZOLL Medical,RSERIES,AF24G179186,July 2024,Defibrillator,
ZOLL Medical,RSERIES,AF24G179403,July 2024,Defibrillator,
ZOLL Medical,RSERIES,AF24G179158,July 2024,Defibrillator,
ZOLL Medical,RSERIES,AF24H179829,August 2024,Defibrillator,
ZOLL Medical,RSERIES,AF24I180367,September 2024,Defibrillator,
ZOLL Medical,X Series,AR25C090387,March 2025,Automated External Defibrillators (Non-Wearable),
ZOLL Medical,RSERIES,AF25G186555,July 2025,Defibrillator,
ZOLL Medical,AEDPLUS,X25I944351,September 2025,Defibrillator,
ZOLL Medical,AEDPLUS,X25I944935,September 2025,Defibrillator,
ZOLL Medical,RSERIES,AF25J188748,October 2025,Defibrillator,
ZOLL Medical,RSERIES,AF25L189983,December 2025,Defibrillator,
Hillrom,P3200,J309AD1600,2030,Hospital Bed,Decoded year 2030 is in the future (current year: 2026). Decoder used the first 2-digit group in 'J309AD1600' as YY → 2030. The serial format for Hillrom P3200 may not follow this pattern.
Mindray,BENEVISION N15,FS-28042613,,"Monitor, Physiological, Patient(With Arrhythmia Detection Or Alarms)",
Mindray,BENEVISION N15,FS-28042614,,"Monitor, Physiological, Patient(With Arrhythmia Detection Or Alarms)",
Mindray,BENEVISION N15,FS-28042615,,"Monitor, Physiological, Patient(With Arrhythmia Detection Or Alarms)",
Mindray,BENEVISION N15,F5-28042623,,"Monitor, Physiological, Patient(With Arrhythmia Detection Or Alarms)",
Mindray,BENEVISION N15,FS-28042602,,"Monitor, Physiological, Patient(With Arrhythmia Detection Or Alarms)",
Mindray,BENEVISION N15,FS-28042236,,"Monitor, Physiological, Patient(With Arrhythmia Detection Or Alarms)",
Mindray,BENEVISION N15,F5-11025372,,"Monitor, Physiological, Patient(With Arrhythmia Detection Or Alarms)",
Mindray,EPM12MA,AH9-3C001824,,Patient Monitor,
Mindray,EPM12MA,AH9-3C001806,,Patient Monitor,
Mindray,EPM12MA,AH9-3A001717,,Patient Monitor,
Mindray,EPM12MA,AH9-3A001716,,Patient Monitor,
Mindray,EPM12MA,AH9-3A001721,,Patient Monitor,
Mindray,EPM12MA,AH9-3C001812,,Patient Monitor,
Mindray,EPM12MA,AH9-3A001718,,Patient Monitor,
Mindray,EPM12MA,AH9-3C001805,,Patient Monitor,
Mindray,EPM12MA,AH9-34001722,,Patient Monitor,
Mindray,EPM12MA,AH9-3C001789,,Patient Monitor,
Mindray,EPM12MA,AH9-3C001781,,Patient Monitor,
Mindray,EPM12MA,AH9-3C001814,,Patient Monitor,
Mindray,EPM12MA,AH9-3C001780,,Patient Monitor,
Mindray,EPM12MA,AH9-27000897,,Patient Monitor,
Mindray,EPM12MA,AH9-26000857,,Patient Monitor,
Mindray,EPM12MA,AH9-26000861,,Patient Monitor,
Mindray,EPM12MA,AH9-26000860,,Patient Monitor,
Mindray,EPM12MA,AH9-26000859,,Patient Monitor,
Olympus,CV190,7500545,,Endoscopy System,
Olympus,CV190,7500311,,Endoscopy System,
Olympus,CV190,7500445,,Endoscopy System,
Olympus,CV190,75500364,,Endoscopy System,
Olympus,CV190,7500389,,Endoscopy System,
Olympus,CV190,7500566,,Endoscopy System,
Philips,INTELLIVUE MP20,DE72870252,,Patient Monitor,
Philips,INTELLIVUE MP20,DE62229313,,Patient Monitor,
Philips,INTELLIVUE MP20,DE54011343,,Patient Monitor,
Philips,INTELLIVUE MP20,DE72832824,,Patient Monitor,
Philips,INTELLIVUE MP20,DE72870263,,Patient Monitor,
Philips,INTELLIVUE MP20,DE72856013,,Patient Monitor,
Philips,INTELLIVUE MP20,DE54011333,,Patient Monitor,
Philips,INTELLIVUE MP20,DE54011319,,Patient Monitor,
Philips,INTELLIVUE MP20,DE54011330,,Patient Monitor,
Philips,INTELLIVUE MP20,DE62223081,,Patient Monitor,
Philips,INTELLIVUE MP20,DE62229345,,Patient Monitor,
Philips,INTELLIVUE MP20,DE72856005,,Patient Monitor,
Philips,INTELLIVUE MP30,DE728A5916,,Patient Monitor,
Philips,INTELLIVUE MP50,DE82001700,,Patient Monitor,
Philips,INTELLIVUE MP50,DE82061694,,Patient Monitor,
Philips,INTELLIVUE MP50,DE82061728,,Patient Monitor,
Philips,INTELLIVUE MP50,DE82061726,,Patient Monitor,
Philips,INTELLIVUE MP50,DE82061785,,Patient Monitor,
Philips,INTELLIVUE MP50,DE82061747,,Patient Monitor,
Philips,INTELLIVUE MP50,DE82099472,,Patient Monitor,
Philips,INTELLIVUE MP50,DE82061749,,Patient Monitor,
Philips,INTELLIVUE MP50,DE82061730,,Patient Monitor,
Philips,INTELLIVUE MP50,DE82061733,,Patient Monitor,
Philips,INTELLIVUE MP50,DE82061720,,Patient Monitor,
Philips,INTELLIVUE MP50,82061692,,Patient Monitor,
Philips,INTELLIVUE MP50,DE82061717,,Patient Monitor,
Philips,INTELLIVUE MP50,DE82061736,,Patient Monitor,
Philips,INTELLIVUE MP50,DE82061763,,Patient Monitor,
Philips,INTELLIVUE MP50,DE82061695,,Patient Monitor,
Philips,INTELLIVUE MP50,DE882061716,,Patient Monitor,
Philips,INTELLIVUE MP50,DE82099502,,Patient Monitor,
Philips,INTELLIVUE MP50,DE82099483,,Patient Monitor,
Philips,INTELLIVUE MP50,DE82061791,,Patient Monitor,
Philips,INTELLIVUE MP50,DE820A3726,,Patient Monitor,
Philips,INTELLIVUE MX40,3569208,,"Detector And Alarm, Arrhythmia",
Philips,INTELLIVUE MX40,3569221,,"Detector And Alarm, Arrhythmia",
Philips,INTELLIVUE MX40,3569227,,"Detector And Alarm, Arrhythmia",
Philips,INTELLIVUE MX40,2569230,,"Detector And Alarm, Arrhythmia",
Philips,INTELLIVUE MX40,3569212,,"Detector And Alarm, Arrhythmia",
Philips,M3002A,DE73608832,,Oximeter,
Philips,M3002A,DE83623218,,Oximeter,
Welch Allyn,SURETEMPPLUS,7432348,,Thermometer,
Welch Allyn,SURETEMPPLUS,(21) 23038261,,Thermometer,
Welch Allyn,SURETEMPPLUS,747969,,Thermometer,
Welch Allyn,SURETEMPPLUS,7445105,,Thermometer,
Welch Allyn,SURETEMPPLUS,24519376,,Thermometer,
Welch Allyn,SURETEMPPLUS,074321PO,,Thermometer,
ZOLL Medical,M SERIES,T08103497,,Automated External Defibrillators (Non-Wearable),
ZOLL Medical,M SERIES,T098109977,,Automated External Defibrillators (Non-Wearable),
ZOLL Medical,M SERIES,T0787302,,Automated External Defibrillators (Non-Wearable),
HILL ROM,P1440,P216ME5983,,Hospital Bed,
HILL ROM,P1440,P216ME5974,,Hospital Bed,
HILL ROM,P1440,P216ME5972,,Hospital Bed,
HILL ROM,P1440,P09AME5255,,Hospital Bed,
HILL ROM,P1440,P164ME5640,,Hospital Bed,
HILL ROM,P1440,P216ME5982,,Hospital Bed,
HILL ROM,P1440,P216ME5981,,Hospital Bed,
HILL ROM,P1440,P217ME5992,,Hospital Bed,
HILL ROM,P1440,P216ME5980,,Hospital Bed,
HILL ROM,P1440,P2164E5977,,Hospital Bed,
HILL ROM,P1440,Q139ME8104,,Hospital Bed,
HILL ROM,P1440,Q139ME8102,,Hospital Bed,
HILL ROM,P1440,Q125ME8074,,Hospital Bed,
HILL ROM,P1440,Q126ME8091,,Hospital Bed,
HILL ROM,P1440,Q126ME8089,,Hospital Bed,
HILL ROM,P1440,Q126ME8092,,Hospital Bed,
HILL ROM,P1440,Q120ME8059,,Hospital Bed,
HILL ROM,P1440,Q126ME8088,,Hospital Bed,
HILL ROM,P1440,Q139ME8099,,Hospital Bed,
HILL ROM,P1440,Q120ME8057,,Hospital Bed,
HILL ROM,P1440,Q120ME8058,,Hospital Bed,
HILL ROM,P1440,Q125ME8078,,Hospital Bed,
HILL ROM,P1440,Q141ME8112,,Hospital Bed,
HILL ROM,P1440,Q139ME8103,,Hospital Bed,
HILL ROM,P1440,Q139ME8100,,Hospital Bed,
HILL ROM,P1440,Q139ME8105,,Hospital Bed,
HILL ROM,P1440,M171ME6632,,Hospital Bed,
HILL ROM,P1440,Q141ME8115,,Hospital Bed,
HILL ROM,P1440,Q125ME8022,,Hospital Bed,
HILL ROM,P1440,Q125ME8076,,Hospital Bed,
HILL ROM,P1440,0139ME8098,,Hospital Bed,
HILL ROM,P1440,Q145ME8148,,Hospital Bed,
HILL ROM,P3200,J121AD6108,,Hospital Bed,
HILL ROM,P3200,J303AD1205,,Hospital Bed,
HILL ROM,P3200,J304AD1213,,Hospital Bed,
HILL ROM,P3200,I288AD1837,,Hospital Bed,
HILL ROM,P3200,J121AD6107,,Hospital Bed,
HILL ROM,P3200,J304AD1237,,Hospital Bed,
HILL ROM,P3200,I288AD1864,,Hospital Bed,
HILL ROM,P3200,J140AD7282,,Hospital Bed,
HILL ROM,P3200,J304AD1225,,Hospital Bed,
HILL ROM,P3200,J129AD6633,,Hospital Bed,
HILL ROM,P3200,J303AD1201,,Hospital Bed,
HILL ROM,P3200,J128AD6593,,Hospital Bed,
HILL ROM,P3200,J304AD1247,,Hospital Bed,
HILL ROM,P3200,H195AD1457,,Hospital Bed,
HILL ROM,P3200,J141AD7277,,Hospital Bed,
HILL ROM,P3200,J128AD6595,,Hospital Bed,
HILL ROM,P3200,J312AD1963,,Hospital Bed,
HILL ROM,P3200,J148AD7733,,Hospital Bed,
HILL ROM,P3200,J128AD6617,,Hospital Bed,
HILL ROM,P3200,J121AD6110,,Hospital Bed,
HILL ROM,P3200,J304AD1215,,Hospital Bed,
HILL ROM,CENTURYP1400,L070HE0786,,Hospital Bed,
HILL ROM,CENTURYP1400,103AG0982,,Hospital Bed,
HILL ROM,CENTURYP1400,G192AG4641,,Hospital Bed,
HILL ROM,CENTURYP1400,L070HE0791,,Hospital Bed,
HILL ROM,CENTURYP1400,1039AG1009,,Hospital Bed,
HILL ROM,CENTURYP1400,L230HE3537,,Hospital Bed,
HILL ROM,CENTURYP1400,B334AG6731,,Hospital Bed,
HILL ROM,CENTURYP1400,B333AG6698,,Hospital Bed,
HILL ROM,CENTURYP1400,B333AG6701,,Hospital Bed,
HILL ROM,CENTURYP1400,B333AG6703,,Hospital Bed,
HILL ROM,CENTURYP1400,B334AG6725,,Hospital Bed,
HILL ROM,CENTURYP1400,B334AG6738,,Hospital Bed,
HILL ROM,CENTURYP1400,B334AG6737,,Hospital Bed,
HILL ROM,CENTURYP1400,B332AG6683,,Hospital Bed,
HILL ROM,CENTURYP1400,B334AG6727,,Hospital Bed,
HILL ROM,CENTURYP1400,B334AG6740,,Hospital Bed,
HILL ROM,CENTURYP1400,B333AG6695,,Hospital Bed,
HILL ROM,CENTURYP1400,B334AG6735,,Hospital Bed,
HILL ROM,CENTURYP1400,B333AG6797,,Hospital Bed,
HILL ROM,CENTURYP1400,B332AG6681,,Hospital Bed,
HILL ROM,CENTURYP1400,B333AG6699,,Hospital Bed,
HILL ROM,CENTURYP1400,B333AG6700,,Hospital Bed,
HILL ROM,CENTURYP1400,B333AG6706,,Hospital Bed,
HILL ROM,CENTURYP1400,B333AG6708,,Hospital Bed,
HILL ROM,CENTURYP1400,N177ME1533,,Hospital Bed,
HILL ROM,CENTURYP1400,B332AG6677,,Hospital Bed,
HILL ROM,CENTURYP1400,N177ME1539,,Hospital Bed,
BAXTER HEALTHCARE CORP.,SPECTRUM IQ,3757686,,"Pump, Infusion",
BAXTER HEALTHCARE CORP.,SPECTRUM IQ,3757504,,"Pump, Infusion",
BAXTER HEALTHCARE CORP.,SPECTRUM IQ,3757280,,"Pump, Infusion",
BAXTER HEALTHCARE CORP.,SPECTRUM IQ,3757194,,"Pump, Infusion",
BAXTER HEALTHCARE CORP.,SPECTRUM IQ,3757377,,"Pump, Infusion",
BAXTER HEALTHCARE CORP.,SPECTRUM IQ,3827871,,"Pump, Infusion",
BAXTER HEALTHCARE CORP.,SPECTRUM IQ,3828391,,"Pump, Infusion",
BAXTER HEALTHCARE CORP.,SPECTRUM IQ,3816037,,"Pump, Infusion",
BAXTER HEALTHCARE CORP.,SPECTRUM IQ,3828200,,"Pump, Infusion",
BAXTER HEALTHCARE CORP.,SPECTRUM IQ,3822726,,"Pump, Infusion",
BAXTER HEALTHCARE CORP.,SPECTRUM IQ,3831807,,"Pump, Infusion",
BAXTER HEALTHCARE CORP.,SPECTRUM IQ,3830586,,"Pump, Infusion",
BAXTER HEALTHCARE CORP.,SPECTRUM IQ,3831239,,"Pump, Infusion",
BAXTER HEALTHCARE CORP.,SPECTRUM IQ,3782633,,"Pump, Infusion",
BAXTER HEALTHCARE CORP.,SPECTRUM IQ,3830354,,"Pump, Infusion",
BAXTER HEALTHCARE CORP.,SPECTRUM IQ,3825223,,"Pump, Infusion",
BAXTER HEALTHCARE CORP.,SPECTRUM IQ,3825288,,"Pump, Infusion",
BAXTER HEALTHCARE CORP.,SPECTRUM IQ,3785541,,"Pump, Infusion",
BAXTER HEALTHCARE CORP.,SPECTRUM IQ,3825471,,"Pump, Infusion",
BAXTER HEALTHCARE CORP.,SPECTRUM IQ,3785793,,"Pump, Infusion",
BAXTER HEALTHCARE CORP.,SPECTRUM IQ,3825020,,"Pump, Infusion",
BAXTER HEALTHCARE CORP.,SPECTRUM IQ,3823921,,"Pump, Infusion",
BAXTER HEALTHCARE CORP.,SPECTRUM IQ,3823577,,"Pump, Infusion",
BAXTER HEALTHCARE CORP.,SPECTRUM IQ,3805055,,"Pump, Infusion",
BAXTER HEALTHCARE CORP.,SPECTRUM IQ,3826615,,"Pump, Infusion",
BAXTER HEALTHCARE CORP.,SPECTRUM IQ,3826190,,"Pump, Infusion",
BAXTER HEALTHCARE CORP.,SPECTRUM IQ,3826314,,"Pump, Infusion",
BAXTER HEALTHCARE CORP.,SPECTRUM IQ,3826273,,"Pump, Infusion",
BAXTER HEALTHCARE CORP.,SPECTRUM IQ,3827365,,"Pump, Infusion",
BAXTER HEALTHCARE CORP.,SPECTRUM IQ,3827207,,"Pump, Infusion",
BAXTER HEALTHCARE CORP.,SPECTRUM IQ,3827402,,"Pump, Infusion",
BAXTER HEALTHCARE CORP.,SPECTRUM IQ,3817236,,"Pump, Infusion",
BAXTER HEALTHCARE CORP.,SPECTRUM IQ,3827856,,"Pump, Infusion",
BAXTER HEALTHCARE CORP.,SPECTRUM IQ,3827685,,"Pump, Infusion",
BAXTER HEALTHCARE CORP.,SPECTRUM IQ,3827744,,"Pump, Infusion",
BAXTER HEALTHCARE CORP.,SPECTRUM IQ,3827658,,"Pump, Infusion",
BAXTER HEALTHCARE CORP.,SPECTRUM IQ,3827902,,"Pump, Infusion",
BAXTER HEALTHCARE CORP.,SPECTRUM IQ,3827796,,"Pump, Infusion",
PHILIPS,MX500,DE671R3701,,"Monitor, Physiological, Patient(With Arrhythmia Detection Or Alarms)",
PHILIPS,MX500,DE671R3663,,"Monitor, Physiological, Patient(With Arrhythmia Detection Or Alarms)",
PHILIPS,MX500,DE671R3664,,"Monitor, Physiological, Patient(With Arrhythmia Detection Or Alarms)",
PHILIPS,MX500,DE671R3705,,"Monitor, Physiological, Patient(With Arrhythmia Detection Or Alarms)",
PHILIPS,MX500,DE671R3760,,"Monitor, Physiological, Patient(With Arrhythmia Detection Or Alarms)",
PHILIPS,MX500,DE671R3685,,"Monitor, Physiological, Patient(With Arrhythmia Detection Or Alarms)",
PHILIPS,MX500,DE671R3691,,"Monitor, Physiological, Patient(With Arrhythmia Detection Or Alarms)",
PHILIPS,MX500,DE351B7530,,"Monitor, Physiological, Patient(With Arrhythmia Detection Or Alarms)",
PHILIPS,MX500,DE671T5134,,"Monitor, Physiological, Patient(With Arrhythmia Detection Or Alarms)",
PHILIPS,MX500,DE671T5131,,"Monitor, Physiological, Patient(With Arrhythmia Detection Or Alarms)",
PHILIPS,MX500,DE671T4113,,"Monitor, Physiological, Patient(With Arrhythmia Detection Or Alarms)",
PHILIPS,MX500,DE671T5132,,"Monitor, Physiological, Patient(With Arrhythmia Detection Or Alarms)",
PHILIPS,MX500,DE671T5133,,"Monitor, Physiological, Patient(With Arrhythmia Detection Or Alarms)",
PHILIPS,MX500,DE7770D7J2,,"Monitor, Physiological, Patient(With Arrhythmia Detection Or Alarms)",